-- phpMyAdmin SQL Dump
-- version 5.2.1
-- https://www.phpmyadmin.net/
--
-- Servidor: localhost
-- Tiempo de generación: 24-09-2025 a las 01:18:38
-- Versión del servidor: 10.4.32-MariaDB
-- Versión de PHP: 8.2.12

SET SQL_MODE = "NO_AUTO_VALUE_ON_ZERO";
START TRANSACTION;
SET time_zone = "+00:00";


/*!40101 SET @OLD_CHARACTER_SET_CLIENT=@@CHARACTER_SET_CLIENT */;
/*!40101 SET @OLD_CHARACTER_SET_RESULTS=@@CHARACTER_SET_RESULTS */;
/*!40101 SET @OLD_COLLATION_CONNECTION=@@COLLATION_CONNECTION */;
/*!40101 SET NAMES utf8mb4 */;

--
-- Base de datos: `obrador`
--
CREATE DATABASE IF NOT EXISTS `obrador` DEFAULT CHARACTER SET utf8mb4 COLLATE utf8mb4_general_ci;
USE `obrador`;

-- --------------------------------------------------------

--
-- Estructura de tabla para la tabla `empleado`
--

CREATE TABLE `empleado` (
  `id_empleado` int(11) NOT NULL,
  `dni` bigint(20) NOT NULL,
  `apellido` varchar(58) NOT NULL,
  `nombre` varchar(58) NOT NULL,
  `acceso` int(11) NOT NULL,
  `estado` tinyint(4) NOT NULL
) ENGINE=InnoDB DEFAULT CHARSET=utf8mb4 COLLATE=utf8mb4_general_ci;

--
-- Volcado de datos para la tabla `empleado`
--

INSERT INTO `empleado` (`id_empleado`, `dni`, `apellido`, `nombre`, `acceso`, `estado`) VALUES
(1, 99856221, 'Stevanez', 'Yefferson', 1, 100),
(2, 98546789, 'Hincapie', 'Jonatan', 3, 100),
(3, 35665123, 'Perez', 'Juan', 1, 100);

-- --------------------------------------------------------

--
-- Estructura de tabla para la tabla `herramienta`
--

CREATE TABLE `herramienta` (
  `id_herramienta` int(11) NOT NULL,
  `nombre` varchar(60) NOT NULL,
  `descripcion` varchar(100) NOT NULL,
  `stock` int(11) NOT NULL,
  `estado` tinyint(4) NOT NULL
) ENGINE=InnoDB DEFAULT CHARSET=utf8mb4 COLLATE=utf8mb4_general_ci;

--
-- Volcado de datos para la tabla `herramienta`
--

INSERT INTO `herramienta` (`id_herramienta`, `nombre`, `descripcion`, `stock`, `estado`) VALUES
(1, 'fresadora', 'una maquina que sirve para detalles en madera', 3, 100),
(2, 'amoladora', 'una herramienta que realiza cortes usando un disco, o puede ser usado para lijar con un disco especi', 2, 100),
(3, 'taladro', 'una herramienta cuya funcion es realizar perforaciones en materiales duros', 8, 100),
(4, 'martillo', 'herramienta utilizada como objeto contundente', 6, 100);

-- --------------------------------------------------------

--
-- Estructura de tabla para la tabla `movimiento`
--

CREATE TABLE `movimiento` (
  `id_movimiento` int(11) NOT NULL,
  `id_empleado` int(11) NOT NULL,
  `id_herramienta` int(11) NOT NULL,
  `fechap` date NOT NULL,
  `fechad` date DEFAULT NULL,
  `cantidadret` int(11) NOT NULL
) ENGINE=InnoDB DEFAULT CHARSET=utf8mb4 COLLATE=utf8mb4_general_ci;

--
-- Volcado de datos para la tabla `movimiento`
--

INSERT INTO `movimiento` (`id_movimiento`, `id_empleado`, `id_herramienta`, `fechap`, `fechad`, `cantidadret`) VALUES
(1, 1, 2, '2025-09-23', '2025-09-27', 1),
(2, 1, 1, '2025-09-23', NULL, 1),
(3, 2, 4, '2024-09-18', NULL, 1),
(4, 2, 3, '2025-09-23', NULL, 1),
(5, 3, 2, '2025-09-23', NULL, 1),
(6, 3, 1, '2025-09-16', NULL, 2);

--
-- Índices para tablas volcadas
--

--
-- Indices de la tabla `empleado`
--
ALTER TABLE `empleado`
  ADD PRIMARY KEY (`id_empleado`);

--
-- Indices de la tabla `herramienta`
--
ALTER TABLE `herramienta`
  ADD PRIMARY KEY (`id_herramienta`);

--
-- Indices de la tabla `movimiento`
--
ALTER TABLE `movimiento`
  ADD PRIMARY KEY (`id_movimiento`),
  ADD KEY `id_empleado` (`id_empleado`),
  ADD KEY `id_herramienta` (`id_herramienta`);

--
-- Restricciones para tablas volcadas
--

--
-- Filtros para la tabla `movimiento`
--
ALTER TABLE `movimiento`
  ADD CONSTRAINT `movimiento_ibfk_1` FOREIGN KEY (`id_empleado`) REFERENCES `empleado` (`id_empleado`),
  ADD CONSTRAINT `movimiento_ibfk_2` FOREIGN KEY (`id_herramienta`) REFERENCES `herramienta` (`id_herramienta`);
COMMIT;

/*!40101 SET CHARACTER_SET_CLIENT=@OLD_CHARACTER_SET_CLIENT */;
/*!40101 SET CHARACTER_SET_RESULTS=@OLD_CHARACTER_SET_RESULTS */;
/*!40101 SET COLLATION_CONNECTION=@OLD_COLLATION_CONNECTION */;
